{
  "code": 200,
  "data": {
    "graphParseResponse": {
      "ids": [ "33", "35", "36", "37", "38", "39", "40", "41", "42", "43"],
      "nodes": [
        {
          "id": "33",
          "label": "星",
          "properties": {
            "name": "0a星"
          },
          "userId": null
        },
        {
          "id": "39",
          "label": "分系统",
          "properties": {
            "name": "热控分系统"
          },
          "userId": null
        },
        {
          "id": "42",
          "label": "分系统",
          "properties": {
            "name": "天线分系统"
          },
          "userId": null
        },
        {
          "id": "37",
          "label": "分系统",
          "properties": {
            "name": "控制分系统"
          },
          "userId": null
        },
        {
          "id": "43",
          "label": "分系统",
          "properties": {
            "name": "转发器分系统转发器分系统\n转发器分系统转发器分系统转发器分系统转发器分系统转发器分系统转发器分系统"
          },
          "userId": null
        },
        {
          "id": "222",
          "label": "设备",
          "properties": {
            "name": "Ku多功能组件C2"
          },
          "userId": null
        },
        {
          "id": "29",
          "label": "故障现象",
          "properties": {
            "name": "2019年4月5日，ST-2（03）星Ku频段行波管放大器C2在轨静噪工作状态下， \n自动复位单元（Auto Restoration Unit, ARU）出现由1跳变为0再跳变为1的现象，表示该行波管发生了自动重启的异常问题。\n在4月5日~8日期间，这种ARU跳变现象共出现4次，\n前3次发生ARU跳变后，Ku频段行波管放大器C2的螺流、阳压、母线电流均正常；第4次发生ARU跳变后，\n其阳压异常上升到4983.49V（正常值为4870V），\n同时该器件未能正常重启，出现了异常关机现象。",
            "id": 4
          },
          "userId": null
        },
        {
          "id": "38",
          "label": "分系统",
          "properties": {
            "name": "供配电分系统"
          },
          "userId": null
        },
        {
          "id": "36",
          "label": "分系统",
          "properties": {
            "name": "推进分系统"
          },
          "userId": null
        },
        {
          "id": "40",
          "label": "分系统",
          "properties": {
            "name": "数管分系统"
          },
          "userId": null
        },
        {
          "id": "41",
          "label": "分系统",
          "properties": {
            "name": "整星热控"
          },
          "userId": null
        },
        {
          "id": "35",
          "label": "分系统",
          "properties": {
            "name": "测控分系统"
          },
          "userId": null
        }
      ],
      "paths": [
        {
          "end": {
            "id": "42",
            "label": "分系统",
            "properties": {
              "name": "天线分系统"
            },
            "userId": null
          },
          "segments": [
            {
              "end": {
                "id": "222",
                "label": "设备",
                "properties": {
                  "name": "Ku多功能组件C2"
                },
                "userId": null
              },
              "relation": {
                "end": "222",
                "id": "8223",
                "label": "故障现象_设备",
                "properties": {},
                "start": "29"
              },
              "start": {
                "id": "29",
                "label": "故障现象",
                "properties": {
                  "name": "2019年4月5日，ST-2（03）星Ku频段行波管放大器C2在轨静噪工作状态下， 自动复位单元（Auto Restoration Unit, ARU）出现由1跳变为0再跳变为1的现象，表示该行波管发生了自动重启的异常问题。在4月5日~8日期间，这种ARU跳变现象共出现4次，前3次发生ARU跳变后，Ku频段行波管放大器C2的螺流、阳压、母线电流均正常；第4次发生ARU跳变后，其阳压异常上升到4983.49V（正常值为4870V），同时该器件未能正常重启，出现了异常关机现象。",
                  "id": 4
                },
                "userId": null
              }
            },
            {
              "end": {
                "id": "43",
                "label": "分系统",
                "properties": {
                  "name": "转发器分系统"
                },
                "userId": null
              },
              "relation": {
                "end": "222",
                "id": "8695",
                "label": "分系统_设备",
                "properties": {},
                "start": "43"
              },
              "start": {
                "id": "222",
                "label": "设备",
                "properties": {
                  "name": "Ku多功能组件C2"
                },
                "userId": null
              }
            }
          ],
          "start": {
            "id": "29",
            "label": "故障现象",
            "properties": {
              "name": "2019年4月5日，ST-2（03）星Ku频段行波管放大器C2在轨静噪工作状态下， 自动复位单元（Auto Restoration Unit, ARU）出现由1跳变为0再跳变为1的现象，表示该行波管发生了自动重启的异常问题。在4月5日~8日期间，这种ARU跳变现象共出现4次，前3次发生ARU跳变后，Ku频段行波管放大器C2的螺流、阳压、母线电流均正常；第4次发生ARU跳变后，其阳压异常上升到4983.49V（正常值为4870V），同时该器件未能正常重启，出现了异常关机现象。",
              "id": 4
            },
            "userId": null
          }
        },
        {
          "end": {
            "id": "40",
            "label": "分系统",
            "properties": {
              "name": "数管分系统"
            },
            "userId": null
          },
          "segments": [
            {
              "end": {
                "id": "222",
                "label": "设备",
                "properties": {
                  "name": "Ku多功能组件C2"
                },
                "userId": null
              },
              "relation": {
                "end": "222",
                "id": "8223",
                "label": "故障现象_设备",
                "properties": {},
                "start": "29"
              },
              "start": {
                "id": "29",
                "label": "故障现象",
                "properties": {
                  "name": "2019年4月5日，ST-2（03）星Ku频段行波管放大器C2在轨静噪工作状态下， 自动复位单元（Auto Restoration Unit, ARU）出现由1跳变为0再跳变为1的现象，表示该行波管发生了自动重启的异常问题。在4月5日~8日期间，这种ARU跳变现象共出现4次，前3次发生ARU跳变后，Ku频段行波管放大器C2的螺流、阳压、母线电流均正常；第4次发生ARU跳变后，其阳压异常上升到4983.49V（正常值为4870V），同时该器件未能正常重启，出现了异常关机现象。",
                  "id": 4
                },
                "userId": null
              }
            },
            {
              "end": {
                "id": "43",
                "label": "分系统",
                "properties": {
                  "name": "转发器分系统"
                },
                "userId": null
              },
              "relation": {
                "end": "222",
                "id": "8695",
                "label": "分系统_设备",
                "properties": {},
                "start": "43"
              },
              "start": {
                "id": "222",
                "label": "设备",
                "properties": {
                  "name": "Ku多功能组件C2"
                },
                "userId": null
              }
            },
            {
              "end": {
                "id": "33",
                "label": "星",
                "properties": {
                  "name": "0a星"
                },
                "userId": null
              },
              "relation": {
                "end": "43",
                "id": "8515",
                "label": "星_分系统",
                "properties": {},
                "start": "33"
              },
              "start": {
                "id": "43",
                "label": "分系统",
                "properties": {
                  "name": "转发器分系统"
                },
                "userId": null
              }
            },
            {
              "end": {
                "id": "40",
                "label": "分系统",
                "properties": {
                  "name": "数管分系统"
                },
                "userId": null
              },
              "relation": {
                "end": "40",
                "id": "8510",
                "label": "星_分系统",
                "properties": {},
                "start": "33"
              },
              "start": {
                "id": "33",
                "label": "星",
                "properties": {
                  "name": "0a星"
                },
                "userId": null
              }
            }
          ],
          "start": {
            "id": "29",
            "label": "故障现象",
            "properties": {
              "name": "2019年4月5日，ST-2（03）星Ku频段行波管放大器C2在轨静噪工作状态下， 自动复位单元（Auto Restoration Unit, ARU）出现由1跳变为0再跳变为1的现象，表示该行波管发生了自动重启的异常问题。在4月5日~8日期间，这种ARU跳变现象共出现4次，前3次发生ARU跳变后，Ku频段行波管放大器C2的螺流、阳压、母线电流均正常；第4次发生ARU跳变后，其阳压异常上升到4983.49V（正常值为4870V），同时该器件未能正常重启，出现了异常关机现象。",
              "id": 4
            },
            "userId": null
          }
        },
        {
          "end": {
            "id": "36",
            "label": "分系统",
            "properties": {
              "name": "推进分系统"
            },
            "userId": null
          },
          "segments": [
            {
              "end": {
                "id": "222",
                "label": "设备",
                "properties": {
                  "name": "Ku多功能组件C2"
                },
                "userId": null
              },
              "relation": {
                "end": "222",
                "id": "8223",
                "label": "故障现象_设备",
                "properties": {},
                "start": "29"
              },
              "start": {
                "id": "29",
                "label": "故障现象",
                "properties": {
                  "name": "2019年4月5日，ST-2（03）星Ku频段行波管放大器C2在轨静噪工作状态下， 自动复位单元（Auto Restoration Unit, ARU）出现由1跳变为0再跳变为1的现象，表示该行波管发生了自动重启的异常问题。在4月5日~8日期间，这种ARU跳变现象共出现4次，前3次发生ARU跳变后，Ku频段行波管放大器C2的螺流、阳压、母线电流均正常；第4次发生ARU跳变后，其阳压异常上升到4983.49V（正常值为4870V），同时该器件未能正常重启，出现了异常关机现象。",
                  "id": 4
                },
                "userId": null
              }
            },
            {
              "end": {
                "id": "43",
                "label": "分系统",
                "properties": {
                  "name": "转发器分系统"
                },
                "userId": null
              },
              "relation": {
                "end": "222",
                "id": "8695",
                "label": "分系统_设备",
                "properties": {},
                "start": "43"
              },
              "start": {
                "id": "222",
                "label": "设备",
                "properties": {
                  "name": "Ku多功能组件C2"
                },
                "userId": null
              }
            }
          ],
          "start": {
            "id": "29",
            "label": "故障现象",
            "properties": {
              "name": "2019年4月5日，ST-2（03）星Ku频段行波管放大器C2在轨静噪工作状态下， 自动复位单元（Auto Restoration Unit, ARU）出现由1跳变为0再跳变为1的现象，表示该行波管发生了自动重启的异常问题。在4月5日~8日期间，这种ARU跳变现象共出现4次，前3次发生ARU跳变后，Ku频段行波管放大器C2的螺流、阳压、母线电流均正常；第4次发生ARU跳变后，其阳压异常上升到4983.49V（正常值为4870V），同时该器件未能正常重启，出现了异常关机现象。",
              "id": 4
            },
            "userId": null
          }
        },
        {
          "end": {
            "id": "37",
            "label": "分系统",
            "properties": {
              "name": "控制分系统"
            },
            "userId": null
          },
          "segments": [
            {
              "end": {
                "id": "222",
                "label": "设备",
                "properties": {
                  "name": "Ku多功能组件C2"
                },
                "userId": null
              },
              "relation": {
                "end": "222",
                "id": "8223",
                "label": "故障现象_设备",
                "properties": {},
                "start": "29"
              },
              "start": {
                "id": "29",
                "label": "故障现象",
                "properties": {
                  "name": "2019年4月5日，ST-2（03）星Ku频段行波管放大器C2在轨静噪工作状态下， 自动复位单元（Auto Restoration Unit, ARU）出现由1跳变为0再跳变为1的现象，表示该行波管发生了自动重启的异常问题。在4月5日~8日期间，这种ARU跳变现象共出现4次，前3次发生ARU跳变后，Ku频段行波管放大器C2的螺流、阳压、母线电流均正常；第4次发生ARU跳变后，其阳压异常上升到4983.49V（正常值为4870V），同时该器件未能正常重启，出现了异常关机现象。",
                  "id": 4
                },
                "userId": null
              }
            },
            {
              "end": {
                "id": "43",
                "label": "分系统",
                "properties": {
                  "name": "转发器分系统"
                },
                "userId": null
              },
              "relation": {
                "end": "222",
                "id": "8695",
                "label": "分系统_设备",
                "properties": {},
                "start": "43"
              },
              "start": {
                "id": "222",
                "label": "设备",
                "properties": {
                  "name": "Ku多功能组件C2"
                },
                "userId": null
              }
            },
            {
              "end": {
                "id": "33",
                "label": "星",
                "properties": {
                  "name": "0a星"
                },
                "userId": null
              },
              "relation": {
                "end": "43",
                "id": "8515",
                "label": "星_分系统",
                "properties": {},
                "start": "33"
              },
              "start": {
                "id": "43",
                "label": "分系统",
                "properties": {
                  "name": "转发器分系统"
                },
                "userId": null
              }
            },
            {
              "end": {
                "id": "37",
                "label": "分系统",
                "properties": {
                  "name": "控制分系统"
                },
                "userId": null
              },
              "relation": {
                "end": "37",
                "id": "8504",
                "label": "星_分系统",
                "properties": {},
                "start": "33"
              },
              "start": {
                "id": "33",
                "label": "星",
                "properties": {
                  "name": "0a星"
                },
                "userId": null
              }
            }
          ],
          "start": {
            "id": "29",
            "label": "故障现象",
            "properties": {
              "name": "2019年4月5日，ST-2（03）星Ku频段行波管放大器C2在轨静噪工作状态下， 自动复位单元（Auto Restoration Unit, ARU）出现由1跳变为0再跳变为1的现象，表示该行波管发生了自动重启的异常问题。在4月5日~8日期间，这种ARU跳变现象共出现4次，前3次发生ARU跳变后，Ku频段行波管放大器C2的螺流、阳压、母线电流均正常；第4次发生ARU跳变后，其阳压异常上升到4983.49V（正常值为4870V），同时该器件未能正常重启，出现了异常关机现象。",
              "id": 4
            },
            "userId": null
          }
        },
        {
          "end": {
            "id": "40",
            "label": "分系统",
            "properties": {
              "name": "数管分系统"
            },
            "userId": null
          },
          "segments": [
            {
              "end": {
                "id": "222",
                "label": "设备",
                "properties": {
                  "name": "Ku多功能组件C2"
                },
                "userId": null
              },
              "relation": {
                "end": "222",
                "id": "8223",
                "label": "故障现象_设备",
                "properties": {},
                "start": "29"
              },
              "start": {
                "id": "29",
                "label": "故障现象",
                "properties": {
                  "name": "2019年4月5日，ST-2（03）星Ku频段行波管放大器C2在轨静噪工作状态下， 自动复位单元（Auto Restoration Unit, ARU）出现由1跳变为0再跳变为1的现象，表示该行波管发生了自动重启的异常问题。在4月5日~8日期间，这种ARU跳变现象共出现4次，前3次发生ARU跳变后，Ku频段行波管放大器C2的螺流、阳压、母线电流均正常；第4次发生ARU跳变后，其阳压异常上升到4983.49V（正常值为4870V），同时该器件未能正常重启，出现了异常关机现象。",
                  "id": 4
                },
                "userId": null
              }
            },
            {
              "end": {
                "id": "43",
                "label": "分系统",
                "properties": {
                  "name": "转发器分系统"
                },
                "userId": null
              },
              "relation": {
                "end": "222",
                "id": "8695",
                "label": "分系统_设备",
                "properties": {},
                "start": "43"
              },
              "start": {
                "id": "222",
                "label": "设备",
                "properties": {
                  "name": "Ku多功能组件C2"
                },
                "userId": null
              }
            }
          ],
          "start": {
            "id": "29",
            "label": "故障现象",
            "properties": {
              "name": "2019年4月5日，ST-2（03）星Ku频段行波管放大器C2在轨静噪工作状态下， 自动复位单元（Auto Restoration Unit, ARU）出现由1跳变为0再跳变为1的现象，表示该行波管发生了自动重启的异常问题。在4月5日~8日期间，这种ARU跳变现象共出现4次，前3次发生ARU跳变后，Ku频段行波管放大器C2的螺流、阳压、母线电流均正常；第4次发生ARU跳变后，其阳压异常上升到4983.49V（正常值为4870V），同时该器件未能正常重启，出现了异常关机现象。",
              "id": 4
            },
            "userId": null
          }
        },
        {
          "end": {
            "id": "39",
            "label": "分系统",
            "properties": {
              "name": "热控分系统"
            },
            "userId": null
          },
          "segments": [
            {
              "end": {
                "id": "222",
                "label": "设备",
                "properties": {
                  "name": "Ku多功能组件C2"
                },
                "userId": null
              },
              "relation": {
                "end": "222",
                "id": "8223",
                "label": "故障现象_设备",
                "properties": {},
                "start": "29"
              },
              "start": {
                "id": "29",
                "label": "故障现象",
                "properties": {
                  "name": "2019年4月5日，ST-2（03）星Ku频段行波管放大器C2在轨静噪工作状态下， 自动复位单元（Auto Restoration Unit, ARU）出现由1跳变为0再跳变为1的现象，表示该行波管发生了自动重启的异常问题。在4月5日~8日期间，这种ARU跳变现象共出现4次，前3次发生ARU跳变后，Ku频段行波管放大器C2的螺流、阳压、母线电流均正常；第4次发生ARU跳变后，其阳压异常上升到4983.49V（正常值为4870V），同时该器件未能正常重启，出现了异常关机现象。",
                  "id": 4
                },
                "userId": null
              }
            },
            {
              "end": {
                "id": "43",
                "label": "分系统",
                "properties": {
                  "name": "转发器分系统"
                },
                "userId": null
              },
              "relation": {
                "end": "222",
                "id": "8695",
                "label": "分系统_设备",
                "properties": {},
                "start": "43"
              },
              "start": {
                "id": "222",
                "label": "设备",
                "properties": {
                  "name": "Ku多功能组件C2"
                },
                "userId": null
              }
            }
          ],
          "start": {
            "id": "29",
            "label": "故障现象",
            "properties": {
              "name": "2019年4月5日，ST-2（03）星Ku频段行波管放大器C2在轨静噪工作状态下， 自动复位单元（Auto Restoration Unit, ARU）出现由1跳变为0再跳变为1的现象，表示该行波管发生了自动重启的异常问题。在4月5日~8日期间，这种ARU跳变现象共出现4次，前3次发生ARU跳变后，Ku频段行波管放大器C2的螺流、阳压、母线电流均正常；第4次发生ARU跳变后，其阳压异常上升到4983.49V（正常值为4870V），同时该器件未能正常重启，出现了异常关机现象。",
              "id": 4
            },
            "userId": null
          }
        },
        {
          "end": {
            "id": "35",
            "label": "分系统",
            "properties": {
              "name": "测控分系统"
            },
            "userId": null
          },
          "segments": [
            {
              "end": {
                "id": "222",
                "label": "设备",
                "properties": {
                  "name": "Ku多功能组件C2"
                },
                "userId": null
              },
              "relation": {
                "end": "222",
                "id": "8223",
                "label": "故障现象_设备",
                "properties": {},
                "start": "29"
              },
              "start": {
                "id": "29",
                "label": "故障现象",
                "properties": {
                  "name": "2019年4月5日，ST-2（03）星Ku频段行波管放大器C2在轨静噪工作状态下， 自动复位单元（Auto Restoration Unit, ARU）出现由1跳变为0再跳变为1的现象，表示该行波管发生了自动重启的异常问题。在4月5日~8日期间，这种ARU跳变现象共出现4次，前3次发生ARU跳变后，Ku频段行波管放大器C2的螺流、阳压、母线电流均正常；第4次发生ARU跳变后，其阳压异常上升到4983.49V（正常值为4870V），同时该器件未能正常重启，出现了异常关机现象。",
                  "id": 4
                },
                "userId": null
              }
            },
            {
              "end": {
                "id": "43",
                "label": "分系统",
                "properties": {
                  "name": "转发器分系统"
                },
                "userId": null
              },
              "relation": {
                "end": "222",
                "id": "8695",
                "label": "分系统_设备",
                "properties": {},
                "start": "43"
              },
              "start": {
                "id": "222",
                "label": "设备",
                "properties": {
                  "name": "Ku多功能组件C2"
                },
                "userId": null
              }
            }
          ],
          "start": {
            "id": "29",
            "label": "故障现象",
            "properties": {
              "name": "2019年4月5日，ST-2（03）星Ku频段行波管放大器C2在轨静噪工作状态下， 自动复位单元（Auto Restoration Unit, ARU）出现由1跳变为0再跳变为1的现象，表示该行波管发生了自动重启的异常问题。在4月5日~8日期间，这种ARU跳变现象共出现4次，前3次发生ARU跳变后，Ku频段行波管放大器C2的螺流、阳压、母线电流均正常；第4次发生ARU跳变后，其阳压异常上升到4983.49V（正常值为4870V），同时该器件未能正常重启，出现了异常关机现象。",
              "id": 4
            },
            "userId": null
          }
        },
        {
          "end": {
            "id": "38",
            "label": "分系统",
            "properties": {
              "name": "供配电分系统"
            },
            "userId": null
          },
          "segments": [
            {
              "end": {
                "id": "222",
                "label": "设备",
                "properties": {
                  "name": "Ku多功能组件C2"
                },
                "userId": null
              },
              "relation": {
                "end": "222",
                "id": "8223",
                "label": "故障现象_设备",
                "properties": {},
                "start": "29"
              },
              "start": {
                "id": "29",
                "label": "故障现象",
                "properties": {
                  "name": "2019年4月5日，ST-2（03）星Ku频段行波管放大器C2在轨静噪工作状态下， 自动复位单元（Auto Restoration Unit, ARU）出现由1跳变为0再跳变为1的现象，表示该行波管发生了自动重启的异常问题。在4月5日~8日期间，这种ARU跳变现象共出现4次，前3次发生ARU跳变后，Ku频段行波管放大器C2的螺流、阳压、母线电流均正常；第4次发生ARU跳变后，其阳压异常上升到4983.49V（正常值为4870V），同时该器件未能正常重启，出现了异常关机现象。",
                  "id": 4
                },
                "userId": null
              }
            },
            {
              "end": {
                "id": "43",
                "label": "分系统",
                "properties": {
                  "name": "转发器分系统"
                },
                "userId": null
              },
              "relation": {
                "end": "222",
                "id": "8695",
                "label": "分系统_设备",
                "properties": {},
                "start": "43"
              },
              "start": {
                "id": "222",
                "label": "设备",
                "properties": {
                  "name": "Ku多功能组件C2"
                },
                "userId": null
              }
            },
            {
              "end": {
                "id": "33",
                "label": "星",
                "properties": {
                  "name": "0a星"
                },
                "userId": null
              },
              "relation": {
                "end": "43",
                "id": "8515",
                "label": "星_分系统",
                "properties": {},
                "start": "33"
              },
              "start": {
                "id": "43",
                "label": "分系统",
                "properties": {
                  "name": "转发器分系统"
                },
                "userId": null
              }
            },
            {
              "end": {
                "id": "38",
                "label": "分系统",
                "properties": {
                  "name": "供配电分系统"
                },
                "userId": null
              },
              "relation": {
                "end": "38",
                "id": "8506",
                "label": "星_分系统",
                "properties": {},
                "start": "33"
              },
              "start": {
                "id": "33",
                "label": "星",
                "properties": {
                  "name": "0a星"
                },
                "userId": null
              }
            }
          ],
          "start": {
            "id": "29",
            "label": "故障现象",
            "properties": {
              "name": "2019年4月5日，ST-2（03）星Ku频段行波管放大器C2在轨静噪工作状态下， 自动复位单元（Auto Restoration Unit, ARU）出现由1跳变为0再跳变为1的现象，表示该行波管发生了自动重启的异常问题。在4月5日~8日期间，这种ARU跳变现象共出现4次，前3次发生ARU跳变后，Ku频段行波管放大器C2的螺流、阳压、母线电流均正常；第4次发生ARU跳变后，其阳压异常上升到4983.49V（正常值为4870V），同时该器件未能正常重启，出现了异常关机现象。",
              "id": 4
            },
            "userId": null
          }
        },
        {
          "end": {
            "id": "41",
            "label": "分系统",
            "properties": {
              "name": "整星热控"
            },
            "userId": null
          },
          "segments": [
            {
              "end": {
                "id": "222",
                "label": "设备",
                "properties": {
                  "name": "Ku多功能组件C2"
                },
                "userId": null
              },
              "relation": {
                "end": "222",
                "id": "8223",
                "label": "故障现象_设备",
                "properties": {},
                "start": "29"
              },
              "start": {
                "id": "29",
                "label": "故障现象",
                "properties": {
                  "name": "2019年4月5日，ST-2（03）星Ku频段行波管放大器C2在轨静噪工作状态下， 自动复位单元（Auto Restoration Unit, ARU）出现由1跳变为0再跳变为1的现象，表示该行波管发生了自动重启的异常问题。在4月5日~8日期间，这种ARU跳变现象共出现4次，前3次发生ARU跳变后，Ku频段行波管放大器C2的螺流、阳压、母线电流均正常；第4次发生ARU跳变后，其阳压异常上升到4983.49V（正常值为4870V），同时该器件未能正常重启，出现了异常关机现象。",
                  "id": 4
                },
                "userId": null
              }
            },
            {
              "end": {
                "id": "43",
                "label": "分系统",
                "properties": {
                  "name": "转发器分系统"
                },
                "userId": null
              },
              "relation": {
                "end": "222",
                "id": "8695",
                "label": "分系统_设备",
                "properties": {},
                "start": "43"
              },
              "start": {
                "id": "222",
                "label": "设备",
                "properties": {
                  "name": "Ku多功能组件C2"
                },
                "userId": null
              }
            }
          ],
          "start": {
            "id": "29",
            "label": "故障现象",
            "properties": {
              "name": "2019年4月5日，ST-2（03）星Ku频段行波管放大器C2在轨静噪工作状态下， 自动复位单元（Auto Restoration Unit, ARU）出现由1跳变为0再跳变为1的现象，表示该行波管发生了自动重启的异常问题。在4月5日~8日期间，这种ARU跳变现象共出现4次，前3次发生ARU跳变后，Ku频段行波管放大器C2的螺流、阳压、母线电流均正常；第4次发生ARU跳变后，其阳压异常上升到4983.49V（正常值为4870V），同时该器件未能正常重启，出现了异常关机现象。",
              "id": 4
            },
            "userId": null
          }
        },
        {
          "end": {
            "id": "42",
            "label": "分系统",
            "properties": {
              "name": "天线分系统"
            },
            "userId": null
          },
          "segments": [
            {
              "end": {
                "id": "222",
                "label": "设备",
                "properties": {
                  "name": "Ku多功能组件C2"
                },
                "userId": null
              },
              "relation": {
                "end": "222",
                "id": "8223",
                "label": "故障现象_设备",
                "properties": {},
                "start": "29"
              },
              "start": {
                "id": "29",
                "label": "故障现象",
                "properties": {
                  "name": "2019年4月5日，ST-2（03）星Ku频段行波管放大器C2在轨静噪工作状态下， 自动复位单元（Auto Restoration Unit, ARU）出现由1跳变为0再跳变为1的现象，表示该行波管发生了自动重启的异常问题。在4月5日~8日期间，这种ARU跳变现象共出现4次，前3次发生ARU跳变后，Ku频段行波管放大器C2的螺流、阳压、母线电流均正常；第4次发生ARU跳变后，其阳压异常上升到4983.49V（正常值为4870V），同时该器件未能正常重启，出现了异常关机现象。",
                  "id": 4
                },
                "userId": null
              }
            },
            {
              "end": {
                "id": "43",
                "label": "分系统",
                "properties": {
                  "name": "转发器分系统"
                },
                "userId": null
              },
              "relation": {
                "end": "222",
                "id": "8695",
                "label": "分系统_设备",
                "properties": {},
                "start": "43"
              },
              "start": {
                "id": "222",
                "label": "设备",
                "properties": {
                  "name": "Ku多功能组件C2"
                },
                "userId": null
              }
            },
            {
              "end": {
                "id": "33",
                "label": "星",
                "properties": {
                  "name": "0a星"
                },
                "userId": null
              },
              "relation": {
                "end": "43",
                "id": "8515",
                "label": "星_分系统",
                "properties": {},
                "start": "33"
              },
              "start": {
                "id": "43",
                "label": "分系统",
                "properties": {
                  "name": "转发器分系统"
                },
                "userId": null
              }
            },
            {
              "end": {
                "id": "42",
                "label": "分系统",
                "properties": {
                  "name": "天线分系统"
                },
                "userId": null
              },
              "relation": {
                "end": "42",
                "id": "8514",
                "label": "星_分系统",
                "properties": {},
                "start": "33"
              },
              "start": {
                "id": "33",
                "label": "星",
                "properties": {
                  "name": "0a星"
                },
                "userId": null
              }
            }
          ],
          "start": {
            "id": "29",
            "label": "故障现象",
            "properties": {
              "name": "2019年4月5日，ST-2（03）星Ku频段行波管放大器C2在轨静噪工作状态下， 自动复位单元（Auto Restoration Unit, ARU）出现由1跳变为0再跳变为1的现象，表示该行波管发生了自动重启的异常问题。在4月5日~8日期间，这种ARU跳变现象共出现4次，前3次发生ARU跳变后，Ku频段行波管放大器C2的螺流、阳压、母线电流均正常；第4次发生ARU跳变后，其阳压异常上升到4983.49V（正常值为4870V），同时该器件未能正常重启，出现了异常关机现象。",
              "id": 4
            },
            "userId": null
          }
        },
        {
          "end": {
            "id": "35",
            "label": "分系统",
            "properties": {
              "name": "测控分系统"
            },
            "userId": null
          },
          "segments": [
            {
              "end": {
                "id": "222",
                "label": "设备",
                "properties": {
                  "name": "Ku多功能组件C2"
                },
                "userId": null
              },
              "relation": {
                "end": "222",
                "id": "8223",
                "label": "故障现象_设备",
                "properties": {},
                "start": "29"
              },
              "start": {
                "id": "29",
                "label": "故障现象",
                "properties": {
                  "name": "2019年4月5日，ST-2（03）星Ku频段行波管放大器C2在轨静噪工作状态下， 自动复位单元（Auto Restoration Unit, ARU）出现由1跳变为0再跳变为1的现象，表示该行波管发生了自动重启的异常问题。在4月5日~8日期间，这种ARU跳变现象共出现4次，前3次发生ARU跳变后，Ku频段行波管放大器C2的螺流、阳压、母线电流均正常；第4次发生ARU跳变后，其阳压异常上升到4983.49V（正常值为4870V），同时该器件未能正常重启，出现了异常关机现象。",
                  "id": 4
                },
                "userId": null
              }
            },
            {
              "end": {
                "id": "43",
                "label": "分系统",
                "properties": {
                  "name": "转发器分系统"
                },
                "userId": null
              },
              "relation": {
                "end": "222",
                "id": "8695",
                "label": "分系统_设备",
                "properties": {},
                "start": "43"
              },
              "start": {
                "id": "222",
                "label": "设备",
                "properties": {
                  "name": "Ku多功能组件C2"
                },
                "userId": null
              }
            },
            {
              "end": {
                "id": "33",
                "label": "星",
                "properties": {
                  "name": "0a星"
                },
                "userId": null
              },
              "relation": {
                "end": "43",
                "id": "8515",
                "label": "星_分系统",
                "properties": {},
                "start": "33"
              },
              "start": {
                "id": "43",
                "label": "分系统",
                "properties": {
                  "name": "转发器分系统"
                },
                "userId": null
              }
            },
            {
              "end": {
                "id": "35",
                "label": "分系统",
                "properties": {
                  "name": "测控分系统"
                },
                "userId": null
              },
              "relation": {
                "end": "35",
                "id": "8499",
                "label": "星_分系统",
                "properties": {},
                "start": "33"
              },
              "start": {
                "id": "33",
                "label": "星",
                "properties": {
                  "name": "0a星"
                },
                "userId": null
              }
            }
          ],
          "start": {
            "id": "29",
            "label": "故障现象",
            "properties": {
              "name": "2019年4月5日，ST-2（03）星Ku频段行波管放大器C2在轨静噪工作状态下， 自动复位单元（Auto Restoration Unit, ARU）出现由1跳变为0再跳变为1的现象，表示该行波管发生了自动重启的异常问题。在4月5日~8日期间，这种ARU跳变现象共出现4次，前3次发生ARU跳变后，Ku频段行波管放大器C2的螺流、阳压、母线电流均正常；第4次发生ARU跳变后，其阳压异常上升到4983.49V（正常值为4870V），同时该器件未能正常重启，出现了异常关机现象。",
              "id": 4
            },
            "userId": null
          }
        },
        {
          "end": {
            "id": "38",
            "label": "分系统",
            "properties": {
              "name": "供配电分系统"
            },
            "userId": null
          },
          "segments": [
            {
              "end": {
                "id": "222",
                "label": "设备",
                "properties": {
                  "name": "Ku多功能组件C2"
                },
                "userId": null
              },
              "relation": {
                "end": "222",
                "id": "8223",
                "label": "故障现象_设备",
                "properties": {},
                "start": "29"
              },
              "start": {
                "id": "29",
                "label": "故障现象",
                "properties": {
                  "name": "2019年4月5日，ST-2（03）星Ku频段行波管放大器C2在轨静噪工作状态下， 自动复位单元（Auto Restoration Unit, ARU）出现由1跳变为0再跳变为1的现象，表示该行波管发生了自动重启的异常问题。在4月5日~8日期间，这种ARU跳变现象共出现4次，前3次发生ARU跳变后，Ku频段行波管放大器C2的螺流、阳压、母线电流均正常；第4次发生ARU跳变后，其阳压异常上升到4983.49V（正常值为4870V），同时该器件未能正常重启，出现了异常关机现象。",
                  "id": 4
                },
                "userId": null
              }
            },
            {
              "end": {
                "id": "43",
                "label": "分系统",
                "properties": {
                  "name": "转发器分系统"
                },
                "userId": null
              },
              "relation": {
                "end": "222",
                "id": "8695",
                "label": "分系统_设备",
                "properties": {},
                "start": "43"
              },
              "start": {
                "id": "222",
                "label": "设备",
                "properties": {
                  "name": "Ku多功能组件C2"
                },
                "userId": null
              }
            }
          ],
          "start": {
            "id": "29",
            "label": "故障现象",
            "properties": {
              "name": "2019年4月5日，ST-2（03）星Ku频段行波管放大器C2在轨静噪工作状态下， 自动复位单元（Auto Restoration Unit, ARU）出现由1跳变为0再跳变为1的现象，表示该行波管发生了自动重启的异常问题。在4月5日~8日期间，这种ARU跳变现象共出现4次，前3次发生ARU跳变后，Ku频段行波管放大器C2的螺流、阳压、母线电流均正常；第4次发生ARU跳变后，其阳压异常上升到4983.49V（正常值为4870V），同时该器件未能正常重启，出现了异常关机现象。",
              "id": 4
            },
            "userId": null
          }
        },
        {
          "end": {
            "id": "39",
            "label": "分系统",
            "properties": {
              "name": "热控分系统"
            },
            "userId": null
          },
          "segments": [
            {
              "end": {
                "id": "222",
                "label": "设备",
                "properties": {
                  "name": "Ku多功能组件C2"
                },
                "userId": null
              },
              "relation": {
                "end": "222",
                "id": "8223",
                "label": "故障现象_设备",
                "properties": {},
                "start": "29"
              },
              "start": {
                "id": "29",
                "label": "故障现象",
                "properties": {
                  "name": "2019年4月5日，ST-2（03）星Ku频段行波管放大器C2在轨静噪工作状态下， 自动复位单元（Auto Restoration Unit, ARU）出现由1跳变为0再跳变为1的现象，表示该行波管发生了自动重启的异常问题。在4月5日~8日期间，这种ARU跳变现象共出现4次，前3次发生ARU跳变后，Ku频段行波管放大器C2的螺流、阳压、母线电流均正常；第4次发生ARU跳变后，其阳压异常上升到4983.49V（正常值为4870V），同时该器件未能正常重启，出现了异常关机现象。",
                  "id": 4
                },
                "userId": null
              }
            },
            {
              "end": {
                "id": "43",
                "label": "分系统",
                "properties": {
                  "name": "转发器分系统"
                },
                "userId": null
              },
              "relation": {
                "end": "222",
                "id": "8695",
                "label": "分系统_设备",
                "properties": {},
                "start": "43"
              },
              "start": {
                "id": "222",
                "label": "设备",
                "properties": {
                  "name": "Ku多功能组件C2"
                },
                "userId": null
              }
            },
            {
              "end": {
                "id": "33",
                "label": "星",
                "properties": {
                  "name": "0a星"
                },
                "userId": null
              },
              "relation": {
                "end": "43",
                "id": "8515",
                "label": "星_分系统",
                "properties": {},
                "start": "33"
              },
              "start": {
                "id": "43",
                "label": "分系统",
                "properties": {
                  "name": "转发器分系统"
                },
                "userId": null
              }
            },
            {
              "end": {
                "id": "39",
                "label": "分系统",
                "properties": {
                  "name": "热控分系统"
                },
                "userId": null
              },
              "relation": {
                "end": "39",
                "id": "8508",
                "label": "星_分系统",
                "properties": {},
                "start": "33"
              },
              "start": {
                "id": "33",
                "label": "星",
                "properties": {
                  "name": "0a星"
                },
                "userId": null
              }
            }
          ],
          "start": {
            "id": "29",
            "label": "故障现象",
            "properties": {
              "name": "2019年4月5日，ST-2（03）星Ku频段行波管放大器C2在轨静噪工作状态下， 自动复位单元（Auto Restoration Unit, ARU）出现由1跳变为0再跳变为1的现象，表示该行波管发生了自动重启的异常问题。在4月5日~8日期间，这种ARU跳变现象共出现4次，前3次发生ARU跳变后，Ku频段行波管放大器C2的螺流、阳压、母线电流均正常；第4次发生ARU跳变后，其阳压异常上升到4983.49V（正常值为4870V），同时该器件未能正常重启，出现了异常关机现象。",
              "id": 4
            },
            "userId": null
          }
        },
        {
          "end": {
            "id": "36",
            "label": "分系统",
            "properties": {
              "name": "推进分系统"
            },
            "userId": null
          },
          "segments": [
            {
              "end": {
                "id": "222",
                "label": "设备",
                "properties": {
                  "name": "Ku多功能组件C2"
                },
                "userId": null
              },
              "relation": {
                "end": "222",
                "id": "8223",
                "label": "故障现象_设备",
                "properties": {},
                "start": "29"
              },
              "start": {
                "id": "29",
                "label": "故障现象",
                "properties": {
                  "name": "2019年4月5日，ST-2（03）星Ku频段行波管放大器C2在轨静噪工作状态下， 自动复位单元（Auto Restoration Unit, ARU）出现由1跳变为0再跳变为1的现象，表示该行波管发生了自动重启的异常问题。在4月5日~8日期间，这种ARU跳变现象共出现4次，前3次发生ARU跳变后，Ku频段行波管放大器C2的螺流、阳压、母线电流均正常；第4次发生ARU跳变后，其阳压异常上升到4983.49V（正常值为4870V），同时该器件未能正常重启，出现了异常关机现象。",
                  "id": 4
                },
                "userId": null
              }
            },
            {
              "end": {
                "id": "43",
                "label": "分系统",
                "properties": {
                  "name": "转发器分系统"
                },
                "userId": null
              },
              "relation": {
                "end": "222",
                "id": "8695",
                "label": "分系统_设备",
                "properties": {},
                "start": "43"
              },
              "start": {
                "id": "222",
                "label": "设备",
                "properties": {
                  "name": "Ku多功能组件C2"
                },
                "userId": null
              }
            },
            {
              "end": {
                "id": "33",
                "label": "星",
                "properties": {
                  "name": "0a星"
                },
                "userId": null
              },
              "relation": {
                "end": "43",
                "id": "8515",
                "label": "星_分系统",
                "properties": {},
                "start": "33"
              },
              "start": {
                "id": "43",
                "label": "分系统",
                "properties": {
                  "name": "转发器分系统"
                },
                "userId": null
              }
            },
            {
              "end": {
                "id": "36",
                "label": "分系统",
                "properties": {
                  "name": "推进分系统"
                },
                "userId": null
              },
              "relation": {
                "end": "36",
                "id": "8501",
                "label": "星_分系统",
                "properties": {},
                "start": "33"
              },
              "start": {
                "id": "33",
                "label": "星",
                "properties": {
                  "name": "0a星"
                },
                "userId": null
              }
            }
          ],
          "start": {
            "id": "29",
            "label": "故障现象",
            "properties": {
              "name": "2019年4月5日，ST-2（03）星Ku频段行波管放大器C2在轨静噪工作状态下， 自动复位单元（Auto Restoration Unit, ARU）出现由1跳变为0再跳变为1的现象，表示该行波管发生了自动重启的异常问题。在4月5日~8日期间，这种ARU跳变现象共出现4次，前3次发生ARU跳变后，Ku频段行波管放大器C2的螺流、阳压、母线电流均正常；第4次发生ARU跳变后，其阳压异常上升到4983.49V（正常值为4870V），同时该器件未能正常重启，出现了异常关机现象。",
              "id": 4
            },
            "userId": null
          }
        },
        {
          "end": {
            "id": "37",
            "label": "分系统",
            "properties": {
              "name": "控制分系统"
            },
            "userId": null
          },
          "segments": [
            {
              "end": {
                "id": "222",
                "label": "设备",
                "properties": {
                  "name": "Ku多功能组件C2"
                },
                "userId": null
              },
              "relation": {
                "end": "222",
                "id": "8223",
                "label": "故障现象_设备",
                "properties": {},
                "start": "29"
              },
              "start": {
                "id": "29",
                "label": "故障现象",
                "properties": {
                  "name": "2019年4月5日，ST-2（03）星Ku频段行波管放大器C2在轨静噪工作状态下， 自动复位单元（Auto Restoration Unit, ARU）出现由1跳变为0再跳变为1的现象，表示该行波管发生了自动重启的异常问题。在4月5日~8日期间，这种ARU跳变现象共出现4次，前3次发生ARU跳变后，Ku频段行波管放大器C2的螺流、阳压、母线电流均正常；第4次发生ARU跳变后，其阳压异常上升到4983.49V（正常值为4870V），同时该器件未能正常重启，出现了异常关机现象。",
                  "id": 4
                },
                "userId": null
              }
            },
            {
              "end": {
                "id": "43",
                "label": "分系统",
                "properties": {
                  "name": "转发器分系统"
                },
                "userId": null
              },
              "relation": {
                "end": "222",
                "id": "8695",
                "label": "分系统_设备",
                "properties": {},
                "start": "43"
              },
              "start": {
                "id": "222",
                "label": "设备",
                "properties": {
                  "name": "Ku多功能组件C2"
                },
                "userId": null
              }
            }
          ],
          "start": {
            "id": "29",
            "label": "故障现象",
            "properties": {
              "name": "2019年4月5日，ST-2（03）星Ku频段行波管放大器C2在轨静噪工作状态下， 自动复位单元（Auto Restoration Unit, ARU）出现由1跳变为0再跳变为1的现象，表示该行波管发生了自动重启的异常问题。在4月5日~8日期间，这种ARU跳变现象共出现4次，前3次发生ARU跳变后，Ku频段行波管放大器C2的螺流、阳压、母线电流均正常；第4次发生ARU跳变后，其阳压异常上升到4983.49V（正常值为4870V），同时该器件未能正常重启，出现了异常关机现象。",
              "id": 4
            },
            "userId": null
          }
        },
        {
          "end": {
            "id": "41",
            "label": "分系统",
            "properties": {
              "name": "整星热控"
            },
            "userId": null
          },
          "segments": [
            {
              "end": {
                "id": "222",
                "label": "设备",
                "properties": {
                  "name": "Ku多功能组件C2"
                },
                "userId": null
              },
              "relation": {
                "end": "222",
                "id": "8223",
                "label": "故障现象_设备",
                "properties": {},
                "start": "29"
              },
              "start": {
                "id": "29",
                "label": "故障现象",
                "properties": {
                  "name": "2019年4月5日，ST-2（03）星Ku频段行波管放大器C2在轨静噪工作状态下， 自动复位单元（Auto Restoration Unit, ARU）出现由1跳变为0再跳变为1的现象，表示该行波管发生了自动重启的异常问题。在4月5日~8日期间，这种ARU跳变现象共出现4次，前3次发生ARU跳变后，Ku频段行波管放大器C2的螺流、阳压、母线电流均正常；第4次发生ARU跳变后，其阳压异常上升到4983.49V（正常值为4870V），同时该器件未能正常重启，出现了异常关机现象。",
                  "id": 4
                },
                "userId": null
              }
            },
            {
              "end": {
                "id": "43",
                "label": "分系统",
                "properties": {
                  "name": "转发器分系统"
                },
                "userId": null
              },
              "relation": {
                "end": "222",
                "id": "8695",
                "label": "分系统_设备",
                "properties": {},
                "start": "43"
              },
              "start": {
                "id": "222",
                "label": "设备",
                "properties": {
                  "name": "Ku多功能组件C2"
                },
                "userId": null
              }
            },
            {
              "end": {
                "id": "33",
                "label": "星",
                "properties": {
                  "name": "0a星"
                },
                "userId": null
              },
              "relation": {
                "end": "43",
                "id": "8515",
                "label": "星_分系统",
                "properties": {},
                "start": "33"
              },
              "start": {
                "id": "43",
                "label": "分系统",
                "properties": {
                  "name": "转发器分系统"
                },
                "userId": null
              }
            },
            {
              "end": {
                "id": "41",
                "label": "分系统",
                "properties": {
                  "name": "整星热控"
                },
                "userId": null
              },
              "relation": {
                "end": "41",
                "id": "8511",
                "label": "星_分系统",
                "properties": {},
                "start": "33"
              },
              "start": {
                "id": "33",
                "label": "星",
                "properties": {
                  "name": "0a星"
                },
                "userId": null
              }
            }
          ],
          "start": {
            "id": "29",
            "label": "故障现象",
            "properties": {
              "name": "2019年4月5日，ST-2（03）星Ku频段行波管放大器C2在轨静噪工作状态下， 自动复位单元（Auto Restoration Unit, ARU）出现由1跳变为0再跳变为1的现象，表示该行波管发生了自动重启的异常问题。在4月5日~8日期间，这种ARU跳变现象共出现4次，前3次发生ARU跳变后，Ku频段行波管放大器C2的螺流、阳压、母线电流均正常；第4次发生ARU跳变后，其阳压异常上升到4983.49V（正常值为4870V），同时该器件未能正常重启，出现了异常关机现象。",
              "id": 4
            },
            "userId": null
          }
        }
      ],
      "relationships": [
        {
          "end": "36",
          "id": "8501",
          "label": "星_分系统",
          "properties": {},
          "start": "33"
        },
        {
          "end": "39",
          "id": "8508",
          "label": "星_分系统",
          "properties": {},
          "start": "33"
        },
        {
          "end": "42",
          "id": "8514",
          "label": "星_分系统",
          "properties": {},
          "start": "33"
        },
        {
          "end": "222",
          "id": "8223",
          "label": "故障现象_设备",
          "properties": {},
          "start": "29"
        },
        {
          "end": "43",
          "id": "8515",
          "label": "星_分系统",
          "properties": {},
          "start": "33"
        },
        {
          "end": "37",
          "id": "8504",
          "label": "星_分系统",
          "properties": {},
          "start": "33"
        },
        {
          "end": "222",
          "id": "8695",
          "label": "分系统_设备",
          "properties": {},
          "start": "43"
        },
        {
          "end": "40",
          "id": "8510",
          "label": "星_分系统",
          "properties": {},
          "start": "33"
        },
        {
          "end": "38",
          "id": "8506",
          "label": "星_分系统",
          "properties": {},
          "start": "33"
        },
        {
          "end": "35",
          "id": "8499",
          "label": "星_分系统",
          "properties": {},
          "start": "33"
        },
        {
          "end": "41",
          "id": "8511",
          "label": "星_分系统",
          "properties": {},
          "start": "33"
        }
      ]
    }
  },
  "msg": null
}